iter	CrossEntropy
0	0.4577930501
1	0.4192472331
2	0.3913078206
3	0.3842109782
4	0.3675144857
5	0.3609865723
6	0.3562919515
7	0.3489064535
8	0.3450799967
9	0.3430557454
10	0.3400563558
11	0.335668457
12	0.3309041138
13	0.3286655273
14	0.327114502
